,Prediction,Actual,Correct?,Open,Close,Diff,Profit/M
2015-01-01,Down,Down,True,,,,
2015-01-02,Same,Down,False,17702.11914,17450.76953,-0.014198842975361337,-0.0
2015-01-03,Same,Down,False,,,,
2015-01-04,Same,Down,False,,,,
2015-01-05,Same,Up,False,17325.67969,17408.71094,0.004792380529112794,0.0
2015-01-06,Down,Down,True,17101.58008,16883.18945,-0.01277020187481992,25015.403749639838
2015-01-07,Down,Up,False,16808.25977,16885.33008,0.0045852640936425715,-9695.528187285143
2015-01-08,Up,Up,True,17067.40039,17167.09961,0.005841500036433134,11158.000072866267
2015-01-09,Same,Down,False,17318.74023,17197.73047,-0.006987214912455575,-0.0
2015-01-10,Down,Down,True,,,,
2015-01-11,Down,Down,True,,,,
2015-01-12,Down,Down,True,,,,
2015-01-13,Down,Up,False,16970.88086,17087.71094,0.006884149441845677,-14293.298883691354
2015-01-14,Down,Down,True,16961.82031,16795.96094,-0.009778394474690533,19031.788949381065
2015-01-15,Down,Up,False,16872.94922,17108.69922,0.01397206836375453,-28469.13672750906
2015-01-16,Down,Up,False,16812.96094,16864.16016,0.0030452232764182074,-6615.446552836415
2015-01-17,Up,Up,True,,,,
2015-01-18,Up,Up,True,,,,
2015-01-19,Up,Same,False,17000.7793,17014.28906,0.0007946553367703668,1064.3106735407337
2015-01-20,Up,Up,True,17071.65039,17366.30078,0.01725963121717866,33994.262434357326
2015-01-21,Same,Same,True,17308.7207,17280.48047,-0.0016315607888920391,-0.0
2015-01-22,Down,Same,False,17306.64063,17329.01953,0.0012930816834093584,-3111.163366818717
2015-01-23,Same,Same,True,17520.63086,17511.75,-0.000506880150090705,-0.0
2015-01-24,Same,Same,True,,,,
2015-01-25,Same,Same,True,,,,
2015-01-26,Same,Up,False,17285.71094,17468.51953,0.010575705600686103,0.0
2015-01-27,Up,Up,True,17649.40039,17768.30078,0.006736794869664164,12948.589739328329
2015-01-28,Down,Up,False,17615.92969,17795.73047,0.010206715351620987,-20938.430703241975
2015-01-29,Same,Down,False,17666.91016,17606.2207,-0.0034352051066295353,-0.0
2015-01-30,Down,Down,True,17788.74023,17674.39063,-0.006428201127314903,12331.402254629806
2015-01-31,Same,Down,False,,,,
2015-02-01,Same,Down,False,,,,
2015-02-02,Same,Same,True,17536.60938,17558.03906,0.0012219967689099942,0.0
2015-02-03,Up,Down,False,17654.59961,17335.84961,-0.018054784987559414,-36634.56997511883
2015-02-04,Same,Up,False,17549.30078,17678.74023,0.007375761098556977,0.0
2015-02-05,Same,Down,False,17589.21094,17504.61914,-0.004809300444946651,-0.0
2015-02-06,Up,Same,False,17696.17969,17648.5,-0.002694349336141988,-5913.698672283976
2015-02-07,Up,Same,False,,,,
2015-02-08,Up,Same,False,,,,
2015-02-09,Up,Down,False,17790.31055,17711.92969,-0.004405817412782453,-9336.634825564906
2015-02-10,Up,Same,False,17662.66992,17652.67969,-0.0005656126760703595,-1656.225352140719
2015-02-11,Up,Same,False,17652.67969,17652.67969,0.0,-525.0
2015-02-12,Up,Up,True,17899.40039,17979.7207,0.004487318471565915,8449.63694313183
2015-02-13,Down,Same,False,17892.09961,17913.35938,0.0011882210843561225,-2901.442168712245
2015-02-14,Same,Same,True,,,,
2015-02-15,Same,Same,True,,,,
2015-02-16,Same,Same,True,18024.00977,18004.76953,-0.0010674783383675113,-0.0
2015-02-17,Same,Same,True,18103.98047,18123.00977,0.0010511113857825105,0.0
2015-02-18,Down,Up,False,18103.98047,18199.16992,0.00525792933536029,-11040.85867072058
2015-02-19,Same,Same,True,18237.34961,18264.78906,0.0015045744358024304,0.0
2015-02-20,Same,Same,True,18336.5,18332.30078,-0.00022900880756948627,-0.0
2015-02-21,Down,Same,False,,,,
2015-02-22,Down,Same,False,,,,
2015-02-23,Down,Same,False,18499.58008,18466.91992,-0.0017654541269997992,3005.9082539995984
2015-02-24,Same,Up,False,18468.39063,18603.48047,0.007314651433707242,0.0
2015-02-25,Same,Same,True,18636.33984,18585.19922,-0.0027441343331933155,-0.0
2015-02-26,Same,Up,False,18587.86914,18785.78906,0.010647800375035432,0.0
2015-02-27,Same,Same,True,18844.2793,18797.93945,-0.0024590937791925116,-0.0
2015-02-28,Up,Same,False,,,,
2015-03-01,Up,Same,False,,,,
2015-03-02,Up,Same,False,18869.40039,18826.88086,-0.0022533588307623864,-5031.717661524773
2015-03-03,Same,Down,False,18910.51953,18815.16016,-0.005042662622183447,-0.0
2015-03-04,Down,Same,False,18716.7793,18703.59961,-0.0007041644178599205,883.328835719841
2015-03-05,Up,Up,True,18658.16016,18751.83984,0.005020842312246643,9516.684624493286
2015-03-06,Down,Up,False,18814.84961,18971.0,0.008299316403624468,-17123.632807248938
2015-03-07,Up,Up,True,,,,
2015-03-08,Up,Up,True,,,,
2015-03-09,Same,Down,False,18872.96094,18790.55078,-0.004366572911478683,-0.0
2015-03-10,Down,Down,True,18891.00977,18665.10938,-0.01195808973423651,23391.17946847302
2015-03-11,Down,Up,False,18604.86914,18723.51953,0.00637738374331831,-13279.76748663662
2015-03-12,Up,Up,True,18787.09961,18991.10938,0.010859034882181096,21193.06976436219
2015-03-13,Down,Up,False,19119.58008,19254.25,0.007043560550834105,-14612.12110166821
2015-03-14,Same,Up,False,,,,
2015-03-15,Same,Up,False,,,,
2015-03-16,Same,Same,True,19245.38086,19246.06055,3.5317045941729575e-05,0.0
2015-03-17,Up,Same,False,19425.89063,19437.0,0.0005718847187805576,618.7694375611152
2015-03-18,Up,Up,True,19407.75977,19544.48047,0.007044640990009343,13564.281980018686
2015-03-19,Down,Same,False,19514.64063,19476.56055,-0.0019513595316463794,3377.719063292759
2015-03-20,Same,Up,False,19479.71094,19560.2207,0.004133005887406727,0.0
2015-03-21,Same,Up,False,,,,
2015-03-22,Same,Up,False,,,,
2015-03-23,Same,Up,False,19479.71094,19560.2207,0.004133005887406727,0.0
2015-03-24,Up,Same,False,19718.99023,19713.44922,-0.00028099866856112765,-1086.9973371222554
2015-03-25,Same,Same,True,19745.75,19746.19922,2.2750212070876685e-05,0.0
2015-03-26,Down,Down,True,19605.59961,19471.11914,-0.006859288809071162,13193.577618142324
2015-03-27,Down,Down,True,19374.7207,19285.63086,-0.004598251576344081,8671.503152688163
2015-03-28,Up,Down,False,,,,
2015-03-29,Up,Down,False,,,,
2015-03-30,Up,Up,True,19295.21094,19411.40039,0.006021672961300961,11518.345922601922
2015-03-31,Same,Down,False,19592.42969,19206.99023,-0.019672877029474845,-0.0
2015-04-01,Down,Down,True,19129.75,19034.83984,-0.0049613905043192075,9397.781008638414
2015-04-02,Same,Up,False,19141.92969,19312.78906,0.008925921929869851,0.0
2015-04-03,Down,Up,False,19289.03906,19435.08008,0.007571192092344692,-15667.384184689383
2015-04-04,Down,Up,False,,,,
2015-04-05,Down,Up,False,,,,
2015-04-06,Down,Up,False,19295.0293,19397.98047,0.005335631700751131,-11196.263401502263
2015-04-07,Same,Up,False,19539.0293,19640.53906,0.005195230450880217,0.0
2015-04-08,Same,Up,False,19729.69922,19789.81055,0.0030467433552694434,0.0
2015-04-09,Same,Up,False,19851.11914,19937.7207,0.00436255303236277,0.0
2015-04-10,Down,Down,True,19989.55078,19907.63086,-0.0040981371168161695,7671.274233632339
2015-04-11,Down,Down,True,,,,
2015-04-12,Down,Down,True,,,,
2015-04-13,Down,Down,True,19967.38086,19905.46094,-0.0031010536852152937,5677.107370430587
2015-04-14,Down,Up,False,19828.65039,19908.67969,0.004036043725919036,-8597.087451838073
2015-04-15,Down,Same,False,19838.5293,19869.75977,0.001574233126242941,-3673.466252485882
2015-04-16,Same,Same,True,19862.48047,19885.76953,0.0011725151868708927,0.0
2015-04-17,Up,Down,False,19810.40039,19652.88086,-0.007951355192170273,-16427.710384340546
2015-04-18,Down,Down,True,,,,
2015-04-19,Down,Down,True,,,,
2015-04-20,Down,Up,False,19501.0,19634.49023,0.006845301779395907,-14215.603558791814
2015-04-21,Up,Up,True,19731.57031,19909.08984,0.008996725917451931,17468.451834903863
2015-04-22,Up,Up,True,19999.83984,20133.90039,0.006703081178274006,12881.162356548013
2015-04-23,Same,Same,True,20227.2793,20187.65039,-0.0019591814307917677,-0.0
2015-04-24,Down,Down,True,20142.4707,20020.03906,-0.006078283137331386,11631.566274662773
2015-04-25,Same,Down,False,,,,
2015-04-26,Same,Down,False,,,,
2015-04-27,Same,Down,False,20063.80078,19983.32031,-0.00401122752774874,-0.0
2015-04-28,Same,Same,True,20068.65039,20058.94922,-0.0004833992227416539,-0.0
2015-04-29,Up,Same,False,,,,
2015-04-30,Up,Down,False,19847.5,19520.00977,-0.016500326489482298,-33525.652978964594
2015-05-01,Down,Same,False,19510.84961,19531.63086,0.0010651125099825354,-2655.2250199650707
2015-05-02,Down,Same,False,,,,
2015-05-03,Down,Same,False,,,,
2015-05-04,Down,Same,False,,,,
2015-05-05,Down,Same,False,19510.84961,19531.63086,0.0010651125099825354,-2655.2250199650707
2015-05-06,Up,Same,False,19510.84961,19531.63086,0.0010651125099825354,1605.2250199650707
2015-05-07,Up,Down,False,19356.46094,19291.99023,-0.0033307075193055313,-7186.415038611062
2015-05-08,Down,Up,False,19315.63086,19379.18945,0.003290526230319557,-7106.052460639114
2015-05-09,Up,Up,True,,,,
2015-05-10,Up,Up,True,,,,
2015-05-11,Up,Same,False,19637.58008,19620.91016,-0.000848878524344121,-2222.7570486882423
2015-05-12,Up,Same,False,19608.23047,19624.83984,0.0008470611371798054,1169.1222743596106
2015-05-13,Up,Up,True,19568.75977,19764.7207,0.01001396778861885,19502.9355772377
2015-05-14,Up,Down,False,19661.51953,19570.24023,-0.0046425353778341005,-9810.070755668201
2015-05-15,Up,Same,False,19693.16992,19732.91992,0.002018466308952638,3511.9326179052755
2015-05-16,Up,Same,False,,,,
2015-05-17,Up,Same,False,,,,
2015-05-18,Down,Up,False,19766.16016,19890.26953,0.006278881127916636,-13082.762255833271
2015-05-19,Down,Same,False,19977.14063,20026.38086,0.0024648287215867093,-5454.657443173419
2015-05-20,Up,Same,False,20175.58984,20196.56055,0.0010394100081485558,1553.8200162971116
2015-05-21,Down,Same,False,20215.46094,20202.86914,-0.0006228796878475773,720.7593756951546
2015-05-22,Same,Same,True,20208.84961,20264.41016,0.00274931780245935,0.0
2015-05-23,Same,Same,True,,,,
2015-05-24,Same,Same,True,,,,
2015-05-25,Same,Up,False,20331.91992,20413.76953,0.00402567048867275,0.0
2015-05-26,Same,Same,True,20431.26953,20437.48047,0.00030399187827656604,0.0
2015-05-27,Up,Up,True,20380.64063,20472.58008,0.004511116783280311,8497.233566560622
2015-05-28,Up,Same,False,20590.2793,20551.46094,-0.0018852760292570325,-4295.552058514066
2015-05-29,Down,Same,False,20510.26953,20563.15039,0.002578262558795119,-5681.525117590239
2015-05-30,Up,Same,False,,,,
2015-05-31,Up,Same,False,,,,
2015-06-01,Up,Up,True,20444.53906,20569.86914,0.006130247281789236,11735.494563578472
2015-06-02,Same,Same,True,20604.66992,20543.18945,-0.0029838124191604587,-0.0
2015-06-03,Down,Same,False,20443.15039,20473.50977,0.0014850636727132827,-3495.127345426565
2015-06-04,Up,Same,False,20539.93945,20488.18945,-0.002519481623885711,-5563.963247771422
2015-06-05,Up,Up,True,20398.75977,20460.90039,0.003046294024766416,5567.588049532832
2015-06-06,Up,Up,True,,,,
2015-06-07,Up,Up,True,,,,
2015-06-08,Up,Down,False,20537.84961,20457.18945,-0.003927390721603419,-8379.781443206837
2015-06-09,Down,Down,True,20293.05078,20096.30078,-0.00969543722789623,18865.874455792462
2015-06-10,Down,Down,True,20126.35938,20046.35938,-0.003974886788491783,7424.773576983565
2015-06-11,Down,Up,False,20183.60938,20382.9707,0.009877386955256195,-20279.77391051239
2015-06-12,Up,Same,False,20431.7793,20407.08008,-0.0012088629011374197,-2942.725802274839
2015-06-13,Up,Same,False,,,,
2015-06-14,Up,Same,False,,,,
2015-06-15,Same,Up,False,20205.09961,20387.78906,0.009041749534834276,0.0
2015-06-16,Down,Down,True,20332.83008,20257.93945,-0.003683236898421871,6841.473796843742
2015-06-17,Up,Down,False,20306.09961,20219.26953,-0.004276059000382304,-9077.118000764607
2015-06-18,Up,Down,False,20193.58984,19990.82031,-0.010041281991295614,-20607.56398259123
2015-06-19,Down,Same,False,20152.41016,20174.24023,0.0010832485954126447,-2691.4971908252896
2015-06-20,Up,Same,False,,,,
2015-06-21,Up,Same,False,,,,
2015-06-22,Up,Up,True,20174.14063,20428.18945,0.01259279513607714,24660.59027215428
2015-06-23,Same,Up,False,20547.74023,20809.41992,0.012735205286367401,0.0
2015-06-24,Down,Same,False,20889.32031,20868.0293,-0.0010192294284371295,1513.458856874259
2015-06-25,Down,Same,False,20777.68945,20771.40039,-0.0003026833188135569,80.36663762711385
2015-06-26,Down,Same,False,20758.42969,20706.15039,-0.00251846121217858,4511.92242435716
2015-06-27,Same,Same,True,,,,
2015-06-28,Same,Same,True,,,,
2015-06-29,Same,Down,False,20305.9707,20109.94922,-0.009653391256001509,-0.0
2015-06-30,Down,Up,False,20174.60938,20235.73047,0.003029604630689464,-6584.209261378928
2015-07-01,Down,Same,False,20291.05078,20329.32031,0.0018860299752301302,-4297.059950460261
2015-07-02,Down,Same,False,20565.93945,20522.5,-0.0021122035346652357,3699.407069330471
2015-07-03,Same,Up,False,20476.68945,20539.78906,0.0030815337681451282,0.0
2015-07-04,Same,Up,False,,,,
2015-07-05,Same,Up,False,,,,
2015-07-06,Same,Down,False,20200.15039,20112.11914,-0.00435795022811214,-0.0
2015-07-07,Up,Same,False,20354.23047,20376.58984,0.0010985121757836058,1672.0243515672119
2015-07-08,Down,Down,True,20282.49023,19737.64063,-0.026863052505954443,53201.10501190888
2015-07-09,Down,Up,False,19422.7793,19855.5,0.02227903089029093,-45083.06178058186
2015-07-10,Up,Same,False,19829.92969,19779.83008,-0.0025264643285782817,-5577.9286571565635
2015-07-11,Down,Same,False,,,,
2015-07-12,Down,Same,False,,,,
2015-07-13,Down,Up,False,19929.91992,20089.76953,0.00802058466073352,-16566.16932146704
2015-07-14,Up,Same,False,20355.33008,20385.33008,0.0014738154518789681,2422.6309037579363
2015-07-15,Same,Same,True,20478.84961,20463.33008,-0.0007578321192623916,-0.0
2015-07-16,Same,Same,True,20588.98047,20600.11914,0.0005410015331370754,0.0
2015-07-17,Same,Same,True,20646.63086,20650.91992,0.00020773655658801182,0.0
2015-07-18,Same,Same,True,,,,
2015-07-19,Same,Same,True,,,,
2015-07-20,Same,Same,True,,,,
2015-07-21,Up,Up,True,20763.31055,20841.9707,0.0037884204356806173,7051.840871361234
2015-07-22,Down,Down,True,20657.80078,20593.66992,-0.003104437915873892,5683.875831747784
2015-07-23,Down,Same,False,20693.57031,20683.94922,-0.00046493137026970555,404.8627405394111
2015-07-24,Down,Same,False,20603.63086,20544.5293,-0.002868502178164256,5212.004356328513
2015-07-25,Down,Same,False,,,,
2015-07-26,Down,Same,False,,,,
2015-07-27,Down,Same,False,20374.05078,20350.09961,-0.0011755723129693862,1826.1446259387726
2015-07-28,Down,Up,False,20188.57031,20328.89063,0.006950483260842688,-14425.966521685375
2015-07-29,Down,Down,True,20425.68945,20302.91016,-0.00601102304529566,11497.04609059132
2015-07-30,Same,Up,False,20450.60938,20522.83008,0.0035314693395214203,0.0
2015-07-31,Up,Up,True,20506.55078,20585.24023,0.0038372835512028303,7149.567102405661
2015-08-01,Same,Up,False,,,,
2015-08-02,Same,Up,False,,,,
2015-08-03,Same,Same,True,20540.21094,20548.10938,0.00038453548617756184,0.0
2015-08-04,Same,Same,True,20462.17969,20520.35938,0.0028432792049242206,0.0
2015-08-05,Up,Up,True,20490.15039,20614.06055,0.006047303589361341,11569.607178722683
2015-08-06,Up,Down,False,20768.76953,20664.43945,-0.005023411707145042,-10571.823414290086
2015-08-07,Down,Up,False,20601.57031,20724.56055,0.00596994491921321,-12464.889838426421
2015-08-08,Up,Up,True,,,,
2015-08-09,Up,Up,True,,,,
2015-08-10,Up,Up,True,20618.31055,20808.68945,0.009233486882367359,17941.973764734717
2015-08-11,Up,Down,False,20920.59961,20720.75,-0.009552766829133974,-19630.53365826795
2015-08-12,Down,Down,True,20632.67969,20392.76953,-0.011627678207803305,22730.35641560661
2015-08-13,Down,Up,False,20392.53906,20595.55078,0.009955195839159048,-20435.391678318094
2015-08-14,Down,Same,False,20518.35938,20519.44922,5.3115357802946406e-05,-631.2307156058928
2015-08-15,Same,Same,True,,,,
2015-08-16,Same,Same,True,,,,
2015-08-17,Same,Same,True,20600.16016,20620.25977,0.0009757016374576377,0.0
2015-08-18,Same,Down,False,20640.58984,20554.4707,-0.00417231971894072,-0.0
2015-08-19,Down,Down,True,20467.49023,20222.63086,-0.011963331470953742,23401.662941907485
2015-08-20,Up,Down,False,20194.25977,20033.51953,-0.00795969953000164,-16444.39906000328
2015-08-21,Down,Down,True,19711.33984,19435.83008,-0.013977221347526658,27429.442695053316
2015-08-22,Down,Down,True,,,,
2015-08-23,Down,Down,True,,,,
2015-08-24,Down,Down,True,19075.05078,18540.67969,-0.028014137218459356,55503.27443691871
2015-08-25,Down,Down,True,18171.66016,17806.69922,-0.0200840724945629,39643.144989125794
2015-08-26,Down,Up,False,17894.28906,18376.83008,0.026966202366689673,-54457.40473337935
2015-08-27,Same,Down,False,18680.4707,18574.43945,-0.00567604808801736,-0.0
2015-08-28,Same,Up,False,18908.73047,19136.32031,0.012036230584654417,0.0
2015-08-29,Same,Up,False,,,,
2015-08-30,Same,Up,False,,,,
2015-08-31,Same,Down,False,19006.98047,18890.48047,-0.006129327074538726,-0.0
2015-09-01,Down,Down,True,18763.7207,18165.68945,-0.0318716772414972,63218.35448299439
2015-09-02,Down,Up,False,17861.81055,18095.40039,0.013077612672361516,-26680.225344723032
2015-09-03,Down,Down,True,18359.34961,18182.39063,-0.009638630112670965,18752.26022534193
2015-09-04,Down,Down,True,18312.13086,17792.16016,-0.02839487681555386,56264.75363110772
2015-09-05,Down,Down,True,,,,
2015-09-06,Down,Down,True,,,,
2015-09-07,Down,Up,False,17674.82031,17860.4707,0.01050366491674981,-21532.32983349962
2015-09-08,Down,Down,True,17941.91016,17427.08008,-0.028694273653636415,56863.54730727283
2015-09-09,Up,Up,True,17758.13086,18770.50977,0.05700931691411126,113493.63382822253
2015-09-10,Same,Down,False,18418.64063,18299.61914,-0.006462012718036481,-0.0
2015-09-11,Down,Up,False,18155.71094,18264.2207,0.005976618616511331,-12478.237233022663
2015-09-12,Down,Up,False,,,,
2015-09-13,Down,Up,False,,,,
2015-09-14,Down,Down,True,18341.00977,17965.69922,-0.020462916420986188,40400.83284197238
2015-09-15,Same,Down,False,18082.7207,18026.48047,-0.0031101641690458592,-0.0
2015-09-16,Up,Down,False,18238.15039,18171.59961,-0.0036489873466822864,-7822.974693364573
2015-09-17,Up,Up,True,18361.99023,18432.26953,0.0038274336888153293,7129.867377630659
2015-09-18,Down,Down,True,18275.48047,18070.21094,-0.011231963522762456,21938.927045524913
2015-09-19,Same,Down,False,,,,
2015-09-20,Same,Down,False,,,,
2015-09-21,Same,Down,False,,,,
2015-09-22,Down,Down,True,,,,
2015-09-23,Same,Down,False,,,,
2015-09-24,Up,Down,False,17803.41016,17571.83008,-0.013007624826860686,-26540.249653721374
2015-09-25,Down,Up,False,17618.30078,17880.50977,0.014882762717824294,-30290.52543564859
2015-09-26,Up,Up,True,,,,
2015-09-27,Up,Up,True,,,,
2015-09-28,Down,Down,True,17811.11914,17645.10938,-0.00932056872424003,18116.13744848006
2015-09-29,Down,Down,True,17359.38086,16930.83984,-0.02468642306174973,48847.84612349946
2015-09-30,Down,Up,False,17193.83984,17388.15039,0.011301172501790413,-23127.345003580827
2015-10-01,Up,Up,True,17479.9707,17722.41992,0.013870115926452709,27215.231852905417
2015-10-02,Same,Up,False,17564.39063,17725.13086,0.009151483440903219,0.0
2015-10-03,Same,Up,False,,,,
2015-10-04,Same,Up,False,,,,
2015-10-05,Same,Up,False,17921.0,18005.49023,0.004714593493666541,0.0
2015-10-06,Down,Down,True,18302.41016,18186.09961,-0.006354930797813463,12184.861595626926
2015-10-07,Same,Up,False,18168.19922,18322.98047,0.008519350108711521,0.0
2015-10-08,Same,Down,False,18310.61914,18141.16992,-0.009254150212202994,-0.0
2015-10-09,Same,Up,False,18281.50977,18438.66992,0.008596672374286074,0.0
2015-10-10,Up,Up,True,,,,
2015-10-11,Up,Up,True,,,,
2015-10-12,Up,Up,True,,,,
2015-10-13,Same,Down,False,18335.15039,18234.74023,-0.005476375042702819,-0.0
2015-10-14,Down,Down,True,18106.66016,17891.0,-0.01191054330805974,23296.08661611948
2015-10-15,Down,Up,False,17804.91016,18096.90039,0.01639942169750319,-33323.843395006385
2015-10-16,Down,Same,False,18300.83008,18291.80078,-0.0004933819919931137,461.76398398622746
2015-10-17,Same,Same,True,,,,
2015-10-18,Same,Same,True,,,,
2015-10-19,Same,Down,False,18282.7793,18131.23047,-0.008289157108624101,-0.0
2015-10-20,Up,Same,False,18245.53906,18207.15039,-0.0021040030592551773,-4733.006118510355
2015-10-21,Same,Up,False,18167.64063,18554.2793,0.02128172159909103,0.0
2015-10-22,Down,Same,False,18443.68945,18435.86914,-0.00042401006703152166,323.0201340630433
2015-10-23,Down,Up,False,18762.65039,18825.30078,0.0033391012835475298,-7203.20256709506
2015-10-24,Up,Up,True,,,,
2015-10-25,Up,Up,True,,,,
2015-10-26,Up,Down,False,19036.13086,18947.11914,-0.004675935496274541,-9876.870992549082
2015-10-27,Down,Down,True,18961.16016,18777.03906,-0.009710434300767012,18895.868601534024
2015-10-28,Down,Up,False,18826.93945,18903.01953,0.004041022185366394,-8607.044370732789
2015-10-29,Same,Down,False,19046.16016,18935.71094,-0.005799028206848744,-0.0
2015-10-30,Up,Up,True,18924.31055,19083.09961,0.008390744781981097,16256.489563962194
2015-10-31,Down,Up,False,,,,
2015-11-01,Down,Up,False,,,,
2015-11-02,Down,Down,True,18827.10938,18683.24023,-0.0076415952707447055,14758.190541489412
2015-11-03,Down,Down,True,,,,
2015-11-04,Up,Same,False,18941.32031,18926.91016,-0.0007607785394132538,-2046.5570788265077
2015-11-05,Same,Up,False,19029.43945,19116.41016,0.004570324324503217,0.0
2015-11-06,Down,Up,False,19194.33984,19265.59961,0.003712540811197762,-7950.081622395524
2015-11-07,Up,Up,True,,,,
2015-11-08,Up,Up,True,,,,
2015-11-09,Up,Up,True,19411.50977,19642.74023,0.011912028623211945,23299.05724642389
2015-11-10,Down,Up,False,19457.05078,19671.25977,0.011009324713290303,-22543.649426580607
2015-11-11,Down,Up,False,19602.00977,19691.39063,0.004559780402558333,-9644.560805116667
2015-11-12,Same,Same,True,19644.65039,19697.76953,0.0027040002721068213,0.0
2015-11-13,Down,Up,False,19495.25977,19596.91016,0.005214108003650297,-10953.216007300594
2015-11-14,Down,Up,False,,,,
2015-11-15,Down,Up,False,,,,
2015-11-16,Down,Up,False,19263.96094,19393.68945,0.00673425939784944,-13993.518795698881
2015-11-17,Up,Same,False,19641.66992,19630.63086,-0.0005620224779746552,-1649.0449559493104
2015-11-18,Up,Down,False,19771.85938,19649.17969,-0.006204762417241105,-12934.52483448221
2015-11-19,Same,Same,True,19851.24023,19859.81055,0.00043172718181350156,0.0
2015-11-20,Down,Up,False,19800.19922,19879.81055,0.004020733787344133,-8566.467574688266
2015-11-21,Same,Up,False,,,,
2015-11-22,Same,Up,False,,,,
2015-11-23,Same,Up,False,,,,
2015-11-24,Same,Same,True,19875.99023,19924.89063,0.0024602749062632157,0.0
2015-11-25,Down,Same,False,19856.83984,19847.58008,-0.0004663259649880791,407.65192997615816
2015-11-26,Down,Same,False,19929.9707,19944.41016,0.0007245098458672494,-1974.0196917344988
2015-11-27,Down,Down,True,19994.05078,19883.93945,-0.0055072046786108775,10489.409357221755
2015-11-28,Up,Down,False,,,,
2015-11-29,Up,Down,False,,,,
2015-11-30,Up,Down,False,19857.38086,19747.4707,-0.005534977687888243,-11594.955375776486
2015-12-01,Up,Up,True,19799.08008,20012.40039,0.01077425360865547,21023.50721731094
2015-12-02,Same,Same,True,19957.5,19938.13086,-0.0009705193536263534,-0.0
2015-12-03,Up,Same,False,19894.63086,19939.90039,0.0022754646878628826,4025.9293757257656
2015-12-04,Down,Down,True,19616.51953,19504.48047,-0.005711464759518559,10897.929519037118
2015-12-05,Down,Down,True,,,,
2015-12-06,Down,Down,True,,,,
2015-12-07,Up,Same,False,19710.39063,19698.15039,-0.0006210044351618871,-1767.008870323774
2015-12-08,Down,Down,True,19689.86914,19492.59961,-0.010018833979919317,19512.667959838633
2015-12-09,Down,Down,True,19391.5,19301.07031,-0.004663367454812772,8801.734909625544
2015-12-10,Down,Same,False,19070.01953,19046.55078,-0.001230662085221268,1936.324170442536
2015-12-11,Down,Up,False,19020.75,19230.48047,0.011026403795854511,-22577.80759170902
2015-12-12,Down,Up,False,,,,
2015-12-13,Down,Up,False,,,,
2015-12-14,Down,Same,False,18887.08984,18883.41992,-0.00019430838901546288,-136.38322196907427
2015-12-15,Up,Down,False,18869.03906,18565.90039,-0.016065400523899265,-32655.80104779853
2015-12-16,Up,Up,True,18868.19922,19049.91016,0.009630539612248246,18736.07922449649
2015-12-17,Same,Same,True,19364.57031,19353.56055,-0.0005685517325584311,-0.0
2015-12-18,Same,Down,False,19320.46094,18986.80078,-0.017269782591429195,-0.0
2015-12-19,Down,Down,True,,,,
2015-12-20,Down,Down,True,,,,
2015-12-21,Down,Up,False,18845.5,18916.01953,0.003741982436125335,-8008.96487225067
2015-12-22,Down,Same,False,18927.85938,18886.69922,-0.0021745808215108964,3824.1616430217928
2015-12-23,Same,Same,True,,,,
2015-12-24,Same,Down,False,19071.41016,18789.68945,-0.014771886695136627,-0.0
2015-12-25,Down,Same,False,18823.91016,18769.06055,-0.0029138265925511275,5302.653185102255
2015-12-26,Down,Same,False,,,,
2015-12-27,Down,Same,False,,,,
2015-12-28,Down,Same,False,18838.91016,18873.34961,0.0018281020349641963,-4181.2040699283925
2015-12-29,Same,Up,False,18843.39063,18982.23047,0.007368092225342515,0.0
2015-12-30,Same,Same,True,19070.83008,19033.71094,-0.0019463830281266636,-0.0
2015-12-31,Down,Same,False,,,,
2016-01-01,Down,Same,False,,,,
2016-01-02,Down,Same,False,,,,
2016-01-03,Down,Same,False,,,,
2016-01-04,Down,Down,True,18818.58008,18450.98047,-0.019533865383960514,38542.73076792103
2016-01-05,Down,Same,False,18398.75977,18374.0,-0.0013457303812604016,2166.460762520803
2016-01-06,Down,Down,True,18410.57031,18191.32031,-0.011908919512444993,23292.839024889985
2016-01-07,Down,Down,True,18139.76953,17767.33984,-0.02053111476328673,40537.22952657346
2016-01-08,Down,Up,False,17562.23047,17697.96094,0.007728543947299826,-15982.087894599652
2016-01-09,Up,Up,True,,,,
2016-01-10,Up,Up,True,,,,
2016-01-11,Up,Up,True,,,,
2016-01-12,Up,Down,False,17470.92969,17218.96094,-0.014422171828910813,-29369.343657821624
2016-01-13,Down,Up,False,17449.11914,17715.63086,0.015273648936756645,-31072.29787351329
2016-01-14,Down,Down,True,17384.92969,17240.94922,-0.008281912700677796,16038.825401355592
2016-01-15,Down,Down,True,17522.46094,17147.10938,-0.02142116688319462,42317.33376638924
2016-01-16,Down,Down,True,,,,
2016-01-17,Down,Down,True,,,,
2016-01-18,Down,Up,False,16826.92969,16955.57031,0.007644925269786329,-15814.850539572659
2016-01-19,Up,Up,True,16902.28906,17048.36914,0.008642621095961811,16760.242191923622
2016-01-20,Down,Down,True,17030.2793,16416.18945,-0.036058706917390215,71592.41383478043
2016-01-21,Down,Down,True,16466.85938,16017.259769999999,-0.02730330050343832,54081.60100687664
2016-01-22,Up,Up,True,16336.71973,16958.5293,0.03806208224642149,75599.16449284299
2016-01-23,Up,Up,True,,,,
2016-01-24,Up,Up,True,,,,
2016-01-25,Up,Same,False,17145.81055,17110.91016,-0.002035505402221971,-4596.010804443942
2016-01-26,Same,Down,False,16833.13086,16708.90039,-0.0073801166897126125,-0.0
2016-01-27,Up,Up,True,16949.18945,17163.91992,0.012669070142466321,24813.14028493264
2016-01-28,Same,Same,True,17059.83984,17041.44922,-0.0010780066033727609,-0.0
2016-01-29,Up,Up,True,17155.06055,17518.30078,0.021173940420746717,41822.88084149343
2016-01-30,Same,Up,False,,,,
2016-01-31,Same,Up,False,,,,
2016-02-01,Same,Up,False,17699.59961,17865.23047,0.009357887390086361,0.0
2016-02-02,Same,Same,True,17716.51953,17750.67969,0.0019281529841206346,0.0
2016-02-03,Down,Down,True,17497.41016,17191.25,-0.017497455749188373,34469.91149837674
2016-02-04,Down,Same,False,17071.10938,17044.99023,-0.0015300206576265296,2535.041315253059
2016-02-05,Down,Same,False,16790.5293,16819.58984,0.00173076973815256,-3986.53947630512
2016-02-06,Down,Same,False,,,,
2016-02-07,Down,Same,False,,,,
2016-02-08,Down,Up,False,16620.91016,17004.30078,0.02306676447374545,-46658.5289474909
2016-02-09,Down,Down,True,16666.78906,16085.44043,-0.03488066165037307,69236.32330074614
2016-02-10,Down,Down,True,16127.86035,15713.38965,-0.025699050649331867,50873.101298663736
2016-02-11,Down,Down,True,,,,
2016-02-12,Down,Down,True,15426.269530000001,14952.61035,-0.030704713092096547,60884.42618419309
2016-02-13,Down,Down,True,,,,
2016-02-14,Down,Down,True,,,,
2016-02-15,Down,Up,False,15248.37988,16022.580080000002,0.050772620179502015,-102070.24035900403
2016-02-16,Same,Up,False,15849.46973,16054.42969,0.012931660395681943,0.0
2016-02-17,Same,Down,False,16035.34961,15836.36035,-0.012409412007824527,-0.0
2016-02-18,Same,Up,False,16138.080080000002,16196.799809999999,0.00363858214291346,0.0
2016-02-19,Down,Down,True,16050.40039,15967.169919999998,-0.005185569704034165,9846.139408068331
2016-02-20,Same,Down,False,,,,
2016-02-21,Same,Down,False,,,,
2016-02-22,Same,Up,False,15851.38965,16111.049809999999,0.01638090828206984,0.0
2016-02-23,Down,Down,True,16230.37988,16052.049809999999,-0.010987424282025038,21449.848564050077
2016-02-24,Down,Up,False,15851.12988,15915.79004,0.004079214572683787,-8683.429145367574
2016-02-25,Up,Up,True,15983.46973,16140.33984,0.009814521668318532,19104.043336637063
2016-02-26,Up,Down,False,16311.519530000001,16188.41016,-0.0075473881984802205,-15619.77639696044
2016-02-27,Down,Down,True,,,,
2016-02-28,Down,Down,True,,,,
2016-02-29,Down,Down,True,16313.30957,16026.759769999999,-0.01756539951445313,34605.79902890626
2016-03-01,Same,Up,False,16013.0,16085.509769999999,0.00452818147754952,0.0
2016-03-02,Up,Up,True,16391.48047,16746.55078,0.021661881649425174,42798.76329885035
2016-03-03,Same,Up,False,16695.7793,16960.16016,0.015835191352822964,0.0
2016-03-04,Up,Up,True,16927.35938,17014.7793,0.005164415668003519,9803.831336007039
2016-03-05,Same,Up,False,,,,
2016-03-06,Same,Up,False,,,,
2016-03-07,Same,Down,False,17024.64063,16911.32031,-0.0066562532779878,-0.0
2016-03-08,Down,Down,True,16889.48047,16783.15039,-0.006295639477417292,12066.278954834585
2016-03-09,Same,Same,True,16625.58984,16642.19922,0.0009990250066218564,0.0
2016-03-10,Up,Same,False,16811.0,16852.34961,0.0024596758075070557,4394.351615014111
2016-03-11,Down,Up,False,16610.17969,16938.86914,0.019788434329695015,-40101.86865939003
2016-03-12,Down,Up,False,,,,
2016-03-13,Down,Up,False,,,,
2016-03-14,Down,Up,False,17155.51953,17233.75,0.004560075832340527,-9645.151664681052
2016-03-15,Same,Down,False,17219.89063,17117.07031,-0.005971020502352764,-0.0
2016-03-16,Down,Same,False,16981.35938,16974.44922,-0.00040692619744808756,288.85239489617516
2016-03-17,Down,Down,True,17107.59961,16936.38086,-0.010008344472822284,19491.688945644568
2016-03-18,Down,Down,True,16883.75,16724.81055,-0.009413752868882908,18302.505737765816
2016-03-19,Same,Down,False,,,,
2016-03-20,Same,Down,False,,,,
2016-03-21,Same,Down,False,,,,
2016-03-22,Same,Up,False,16937.31055,17048.55078,0.006567762318085535,0.0
2016-03-23,Same,Down,False,17066.26953,17000.98047,-0.0038256198805036723,-0.0
2016-03-24,Up,Down,False,16979.39063,16892.33008,-0.005127424882149678,-10779.849764299357
2016-03-25,Up,Up,True,16949.5293,17002.75,0.003139951502960203,5754.903005920406
2016-03-26,Up,Up,True,,,,
2016-03-27,Up,Up,True,,,,
2016-03-28,Up,Same,False,17129.26953,17134.36914,0.00029771322069893635,70.42644139787274
2016-03-29,Down,Up,False,16985.2793,17103.5293,0.006961910835343144,-14448.821670686288
2016-03-30,Up,Down,False,17078.0293,16878.96094,-0.011656401128202654,-23837.802256405306
2016-03-31,Up,Down,False,16997.14063,16758.66992,-0.014030048652953986,-28585.097305907973
2016-04-01,Down,Down,True,16719.56055,16164.16016,-0.03321859975560182,65912.19951120364
2016-04-02,Down,Down,True,,,,
2016-04-03,Down,Down,True,,,,
2016-04-04,Down,Same,False,16087.759769999999,16123.269530000001,0.002207253247666019,-4939.506495332038
2016-04-05,Down,Down,True,16044.230469999999,15732.82031,-0.019409479350367298,38293.9587007346
2016-04-06,Down,Same,False,15727.7002,15715.36035,-0.0007845934143632105,1044.186828726421
2016-04-07,Down,Same,False,15739.259769999999,15749.83984,0.0006722088684354421,-1869.4177368708843
2016-04-08,Down,Up,False,15597.04004,15821.519530000001,0.014392441734092154,-29309.883468184307
2016-04-09,Same,Up,False,,,,
2016-04-10,Same,Up,False,,,,
2016-04-11,Same,Same,True,15761.57031,15751.12988,-0.0006623978318565094,-0.0
2016-04-12,Up,Up,True,15719.240230000001,15928.79004,0.013330784881070423,26136.569762140847
2016-04-13,Same,Up,False,16142.70996,16381.21973,0.014775076216509087,0.0
2016-04-14,Same,Up,False,16629.83008,16911.05078,0.01691061776621594,0.0
2016-04-15,Same,Up,False,16720.39063,16848.0293,0.007633713399672892,0.0
2016-04-16,Same,Up,False,,,,
2016-04-17,Same,Up,False,,,,
2016-04-18,Same,Down,False,16521.25,16275.9502,-0.014847532723008317,-0.0
2016-04-19,Up,Up,True,16582.66016,16874.43945,0.017595445313642655,34665.89062728531
2016-04-20,Up,Down,False,17053.83008,16906.53906,-0.008636829340333163,-17798.658680666325
2016-04-21,Up,Up,True,17187.26953,17363.61914,0.010260478529890094,19995.957059780187
2016-04-22,Same,Up,False,17220.4707,17572.49023,0.020441922647329136,0.0
2016-04-23,Up,Up,True,,,,
2016-04-24,Up,Up,True,,,,
2016-04-25,Up,Down,False,17613.56055,17439.30078,-0.00989350049385651,-20312.00098771302
2016-04-26,Down,Same,False,17358.56055,17353.2793,-0.00030424469729428694,83.48939458857387
2016-04-27,Same,Down,False,17369.67969,17290.49023,-0.004559062769913469,-0.0
2016-04-28,Down,Down,True,17438.99023,16666.05078,-0.044322488848598796,88119.9776971976
2016-04-29,Down,Down,True,,,,
2016-04-30,Up,Down,False,,,,
2016-05-01,Up,Down,False,,,,
2016-05-02,Down,Down,True,16357.09961,16147.37988,-0.012821327435811769,25117.654871623537
2016-05-03,Down,Down,True,,,,
2016-05-04,Down,Down,True,,,,
2016-05-05,Down,Down,True,,,,
2016-05-06,Down,Down,True,16212.669919999998,16106.71973,-0.006535024183111138,12545.048366222276
2016-05-07,Down,Down,True,,,,
2016-05-08,Down,Down,True,,,,
2016-05-09,Down,Same,False,16226.58984,16216.03027,-0.0006507571895341124,776.5143790682248
2016-05-10,Up,Up,True,16307.5,16565.18945,0.015801897899739403,31078.795799478805
2016-05-11,Up,Down,False,16736.7207,16579.00977,-0.009423048446999593,-19371.096893999187
2016-05-12,Down,Up,False,16459.68945,16646.33984,0.011339848820780762,-23204.697641561525
2016-05-13,Down,Down,True,16804.16992,16412.21094,-0.023325102154168165,46125.20430833633
2016-05-14,Up,Down,False,,,,
2016-05-15,Up,Down,False,,,,
2016-05-16,Up,Up,True,16391.91992,16466.40039,0.004543730713882033,8562.461427764065
2016-05-17,Up,Same,False,16618.94922,16652.80078,0.0020369254127849956,3548.8508255699912
2016-05-18,Up,Same,False,16611.40039,16644.68945,0.0020039887799010447,3482.9775598020897
2016-05-19,Same,Down,False,16807.46094,16646.66016,-0.009567226160693498,-0.0
2016-05-20,Up,Up,True,16594.99023,16736.34961,0.008518196036322756,16511.39207264551
2016-05-21,Down,Up,False,,,,
2016-05-22,Down,Up,False,,,,
2016-05-23,Down,Same,False,16671.2793,16654.59961,-0.001000504502374766,1476.009004749532
2016-05-24,Down,Down,True,16605.03906,16498.75977,-0.0064004239686502595,12275.84793730052
2016-05-25,Up,Same,False,16764.34961,16757.34961,-0.0004175527332014317,-1360.1054664028634
2016-05-26,Same,Down,False,16927.68945,16772.46094,-0.00917009438639016,-0.0
2016-05-27,Same,Same,True,16830.5,16834.83984,0.0002578556786785313,0.0
2016-05-28,Up,Same,False,,,,
2016-05-29,Up,Same,False,,,,
2016-05-30,Up,Up,True,16973.7207,17068.01953,0.0055555780412952505,10586.156082590502
2016-05-31,Same,Up,False,17029.46094,17234.98047,0.012068469502593437,0.0
2016-06-01,Down,Down,True,17097.2207,16955.73047,-0.008275627511786343,16026.255023572685
2016-06-02,Down,Down,True,16817.25977,16562.55078,-0.01514568921949877,29766.37843899754
2016-06-03,Down,Same,False,16599.50977,16642.23047,0.0025736121483062036,-5672.224296612407
2016-06-04,Down,Same,False,,,,
2016-06-05,Down,Same,False,,,,
2016-06-06,Down,Up,False,16373.32031,16580.0293,0.012624744772979923,-25774.48954595985
2016-06-07,Same,Same,True,16651.05078,16675.44922,0.00146527929812712,0.0
2016-06-08,Same,Up,False,16722.49023,16830.91992,0.006484063587938627,0.0
2016-06-09,Down,Down,True,16742.0293,16668.41016,-0.004397265031664932,8269.530063329865
2016-06-10,Down,Same,False,16637.50977,16601.35938,-0.002172824569286469,3820.6491385729378
2016-06-11,Down,Same,False,,,,
2016-06-12,Down,Same,False,,,,
2016-06-13,Down,Down,True,16319.11035,16019.17969,-0.01837910606444304,36233.21212888608
2016-06-14,Down,Down,True,16001.19043,15859.0,-0.008886240722028593,17247.481444057186
2016-06-15,Up,Up,True,15799.07031,15919.580080000002,0.007627649452495167,14730.298904990334
2016-06-16,Down,Down,True,15871.21973,15434.13965,-0.02753916128914946,54553.322578298925
2016-06-17,Down,Same,False,15631.79004,15599.66016,-0.0020554191118089538,3585.8382236179077
2016-06-18,Up,Same,False,,,,
2016-06-19,Up,Same,False,,,,
2016-06-20,Up,Up,True,15839.05957,15965.299809999999,0.00797018531574345,15415.3706314869
2016-06-21,Same,Up,False,15875.80957,16169.11035,0.01847469753947184,0.0
2016-06-22,Same,Same,True,16095.80957,16065.71973,-0.0018694207252601958,-0.0
2016-06-23,Up,Up,True,16098.61035,16238.34961,0.00868020636327782,16835.41272655564
2016-06-24,Down,Down,True,16333.87012,14952.019530000001,-0.08460031700068382,168675.63400136764
2016-06-25,Down,Down,True,,,,
2016-06-26,Down,Down,True,,,,
2016-06-27,Down,Up,False,15153.080080000002,15309.20996,0.010303507879303675,-21132.01575860735
2016-06-28,Down,Up,False,15094.70996,15323.13965,0.01513309567426746,-30791.19134853492
2016-06-29,Up,Same,False,15523.34961,15566.830080000002,0.0028009721543598154,5076.9443087196305
2016-06-30,Up,Down,False,15752.70996,15575.919919999998,-0.01122283343303565,-22970.6668660713
2016-07-01,Same,Same,True,15698.019530000001,15682.480469999999,-0.0009898739118209265,-0.0
2016-07-02,Same,Same,True,,,,
2016-07-03,Same,Same,True,,,,
2016-07-04,Same,Up,False,15554.04004,15775.799809999999,0.014257374253229704,0.0
2016-07-05,Down,Same,False,15682.16016,15669.330080000002,-0.0008181321877277492,1111.2643754554983
2016-07-06,Down,Down,True,15434.45996,15378.990230000001,-0.003593888619605412,6662.7772392108245
2016-07-07,Down,Down,True,15346.80957,15276.240230000001,-0.004598306877929059,8671.613755858118
2016-07-08,Down,Down,True,15326.83984,15106.980469999999,-0.014344729395958877,28164.458791917754
2016-07-09,Up,Down,False,,,,
2016-07-10,Up,Down,False,,,,
2016-07-11,Up,Up,True,15375.94043,15708.82031,0.02164939969138513,42773.79938277026
2016-07-12,Up,Up,True,15961.299809999999,16095.65039,0.008417270623275241,16309.541246550481
2016-07-13,Up,Down,False,16343.0,16231.42969,-0.006826794958086024,-14178.589916172048
2016-07-14,Up,Up,True,16242.2002,16385.89063,0.008846734323592509,17168.46864718502
2016-07-15,Down,Up,False,16396.11914,16497.84961,0.00620454566909201,-12934.09133818402
2016-07-16,Up,Up,True,,,,
2016-07-17,Up,Up,True,,,,
2016-07-18,Up,Up,True,,,,
2016-07-19,Same,Up,False,16612.08984,16723.31055,0.006695166657008533,0.0
2016-07-20,Same,Same,True,16646.91992,16681.89063,0.002100731556832214,0.0
2016-07-21,Same,Same,True,16855.17969,16810.2207,-0.0026673693681635857,-0.0
2016-07-22,Down,Same,False,16612.90039,16627.25,0.000863763079482327,-2252.5261589646543
2016-07-23,Same,Same,True,,,,
2016-07-24,Same,Same,True,,,,
2016-07-25,Same,Same,True,16655.81055,16620.28906,-0.0021326785564331763,-0.0
2016-07-26,Down,Down,True,16535.81055,16383.04004,-0.009238767554699545,17952.53510939909
2016-07-27,Up,Up,True,16526.0,16664.82031,0.008400115575456724,16275.231150913449
2016-07-28,Down,Down,True,16596.15039,16476.83984,-0.0071890497010613785,13853.099402122756
2016-07-29,Down,Up,False,16359.67969,16569.26953,0.012811365746244752,-26147.731492489504
2016-07-30,Down,Up,False,,,,
2016-07-31,Down,Up,False,,,,
